{
  "u_points": [
    -0.5,
    0.0,
    0.5,
    1.0,
    1.5,
    2.0
  ],
  "gaps": [
    0.023726940776664998,
    0.027749800430811093,
    0.04038429811255616,
    0.008585418424810753,
    8.049116928532385e-16,
    2.220446049250313e-16
  ],
  "mode_swap_scores": [
    0,
    2,
    2,
    2,
    2,
    2
  ],
  "gap_min_u": 2.0,
  "aniso_max_u": 0.5,
  "spectral_alignment": true,
  "alignment_metric": 0.4,
  "max_swap_score": 2
}