noise_type,u_star,width,amplitude
markov,0.5,1.0,0.004924567777811806
telegraph,0.5,1.0,0.004872154018981001
