method,u_star,width,amplitude,n_peaks
no_detrend,0.55,1.05,0.004995443392157739,1
linear,0.7,0.6000000000000001,0.0025162157160194087,1
poly,0.55,2.1,0.0016132392435773296,1
